dataset,token,rows,cols,method,runs,h2d_mean,h2d_std,build_mean,build_std,compute_mean,compute_std,kernel_mean,kernel_std,total_mean,total_std
Criteo256,criteo256,200000,256,BiSp2D,10,4.013536,0.015824,0.094954,0.004041,0.831453,0.000953,0.926406,0.003822,4.935197,0.015247
Criteo256,criteo256,200000,256,cuSPARSE,10,3.927869,0.001841,2.167334,0.007895,9.499005,0.007034,11.666339,0.008613,15.594208,0.009492
Criteo256,criteo256,200000,256,Sputnik,10,3.926534,0.000905,2.155866,0.005980,2.275661,0.026655,4.431526,0.027686,8.358061,0.027672
MSWeb320,msweb320,37728,320,BiSp2D,10,0.972970,0.003975,0.042048,0.005199,0.169514,0.001568,0.211562,0.005333,1.179347,0.004213
MSWeb320,msweb320,37728,320,cuSPARSE,10,0.936234,0.007826,0.684320,0.047979,0.537446,0.003474,1.221766,0.051121,2.158000,0.058923
MSWeb320,msweb320,37728,320,Sputnik,10,0.932259,0.000287,0.657283,0.006663,0.147658,0.001198,0.804941,0.006863,1.737200,0.006959
MovieLens2048,movielens2048,50000,2048,BiSp2D,10,7.994630,0.031681,0.160266,0.003229,3.446755,0.127155,3.607021,0.127494,11.595200,0.133726
MovieLens2048,movielens2048,50000,2048,cuSPARSE,10,7.837107,0.004576,3.486272,0.014591,16.043706,0.005292,19.529978,0.015650,27.367085,0.018270
MovieLens2048,movielens2048,50000,2048,Sputnik,10,7.839997,0.005524,3.445085,0.072004,9.103245,0.059993,12.548330,0.054860,20.388327,0.056884
